{"stats":{"minecraft:custom":{"minecraft:sprint_one_cm":9591,"minecraft:time_since_rest":16332,"minecraft:play_one_minute":16332,"minecraft:crouch_one_cm":35,"minecraft:damage_taken":20,"minecraft:walk_one_cm":49764,"minecraft:sneak_time":3,"minecraft:walk_under_water_one_cm":2078,"minecraft:drop":2,"minecraft:jump":170,"minecraft:leave_game":3,"minecraft:time_since_death":16332,"minecraft:walk_on_water_one_cm":4824,"minecraft:interact_with_crafting_table":3,"minecraft:fly_one_cm":2529,"minecraft:fall_one_cm":1511},"minecraft:picked_up":{"tconstruct:copper_ore":10,"mekanism:tin_ore":3,"minecraft:iron_ore":6,"minecraft:oak_log":4,"minecraft:oak_sapling":1,"minecraft:coal":55,"minecraft:dirt":21,"minecraft:cobblestone":13},"minecraft:crafted":{"minecraft:oak_door":3,"minecraft:oak_planks":16,"minecraft:crafting_table":1,"minecraft:stick":4,"minecraft:wooden_pickaxe":1,"minecraft:stone_pickaxe":1},"minecraft:used":{"minecraft:oak_door":1,"minecraft:dirt":5,"minecraft:crafting_table":1,"minecraft:stone_pickaxe":84,"minecraft:wooden_pickaxe":3},"minecraft:dropped":{"minecraft:dirt":1,"minecraft:wooden_pickaxe":1},"minecraft:mined":{"tconstruct:copper_ore":10,"minecraft:grass_block":4,"minecraft:oak_log":4,"minecraft:coal_ore":55,"mekanism:tin_ore":3,"minecraft:dirt":23,"minecraft:iron_ore":6,"minecraft:stone":13,"minecraft:oak_leaves":3}},"DataVersion":2586}