{"stats":{"minecraft:custom":{"minecraft:time_since_rest":9690,"minecraft:sprint_one_cm":7879,"minecraft:damage_taken":250,"minecraft:walk_one_cm":185647,"minecraft:damage_dealt":81,"minecraft:interact_with_crafting_table":5,"minecraft:fly_one_cm":814,"minecraft:open_chest":1,"minecraft:play_one_minute":29932,"minecraft:deaths":1,"minecraft:sneak_time":2,"minecraft:walk_under_water_one_cm":918,"minecraft:jump":316,"minecraft:leave_game":2,"minecraft:walk_on_water_one_cm":6832,"minecraft:time_since_death":9661,"minecraft:fall_one_cm":3190},"minecraft:picked_up":{"minecraft:stick":2,"minecraft:magma_block":2,"tconstruct:copper_ore":23,"minecraft:wooden_pickaxe":1,"minecraft:oak_log":22,"minecraft:dirt":17,"minecraft:rotten_flesh":2,"minecraft:apple":1,"minecraft:iron_ore":35,"minecraft:netherrack":12,"minecraft:oak_sapling":3,"minecraft:sugar_cane":7,"mekanism:osmium_ore":2,"minecraft:coal":48,"minecraft:cobblestone":8},"minecraft:used":{"minecraft:stone_pickaxe":118,"minecraft:wooden_pickaxe":33,"minecraft:torch":6,"minecraft:dirt":2},"minecraft:crafted":{"minecraft:oak_planks":88,"minecraft:crafting_table":1,"minecraft:stick":4,"minecraft:wooden_pickaxe":1,"minecraft:stone_pickaxe":1,"minecraft:torch":8},"minecraft:mined":{"tconstruct:copper_ore":23,"minecraft:magma_block":2,"mekanism:osmium_ore":2,"minecraft:iron_ore":35,"gravestone:gravestone":1,"minecraft:coal_ore":48,"minecraft:oak_log":22,"minecraft:dirt":11,"minecraft:stone":8,"minecraft:netherrack":12,"minecraft:sugar_cane":2,"minecraft:oak_leaves":4},"minecraft:killed_by":{"minecraft:zombie":1},"minecraft:broken":{"minecraft:stone_pickaxe":1}},"DataVersion":2586}